{
  "Total" : {
    "transaction" : "Total",
    "sampleCount" : 750,
    "errorCount" : 0,
    "errorPct" : 0.0,
    "meanResTime" : 17.59066666666667,
    "medianResTime" : 14.0,
    "minResTime" : 12.0,
    "maxResTime" : 509.0,
    "pct1ResTime" : 16.0,
    "pct2ResTime" : 45.0,
    "pct3ResTime" : 50.0,
    "throughput" : 74.84283005688056,
    "receivedKBytesPerSec" : 123.94684054111364,
    "sentKBytesPerSec" : 8.697555446063266
  },
  "Login Request" : {
    "transaction" : "Login Request",
    "sampleCount" : 250,
    "errorCount" : 0,
    "errorPct" : 0.0,
    "meanResTime" : 14.272000000000002,
    "medianResTime" : 14.0,
    "minResTime" : 12.0,
    "maxResTime" : 19.0,
    "pct1ResTime" : 16.0,
    "pct2ResTime" : 16.0,
    "pct3ResTime" : 17.980000000000018,
    "throughput" : 26.332420476090164,
    "receivedKBytesPerSec" : 43.60885411180746,
    "sentKBytesPerSec" : 3.060115270170634
  },
  "Product Page" : {
    "transaction" : "Product Page",
    "sampleCount" : 250,
    "errorCount" : 0,
    "errorPct" : 0.0,
    "meanResTime" : 14.335999999999993,
    "medianResTime" : 14.0,
    "minResTime" : 12.0,
    "maxResTime" : 28.0,
    "pct1ResTime" : 16.0,
    "pct2ResTime" : 16.0,
    "pct3ResTime" : 19.0,
    "throughput" : 26.332420476090164,
    "receivedKBytesPerSec" : 43.60895697282494,
    "sentKBytesPerSec" : 3.060115270170634
  },
  "Open Homepage" : {
    "transaction" : "Open Homepage",
    "sampleCount" : 250,
    "errorCount" : 0,
    "errorPct" : 0.0,
    "meanResTime" : 24.163999999999994,
    "medianResTime" : 14.0,
    "minResTime" : 12.0,
    "maxResTime" : 509.0,
    "pct1ResTime" : 46.0,
    "pct2ResTime" : 48.44999999999999,
    "pct3ResTime" : 245.49000000000183,
    "throughput" : 25.02001601281025,
    "receivedKBytesPerSec" : 41.435687612590065,
    "sentKBytesPerSec" : 2.907599517113691
  }
}